ID,RC,Trang thai,Status raw,Ma tram,Serial,Ghi chu
"=""RC-WOL50XW1EDUDMJ""","RC-WOL50XW1EDUDMJ","KTV đã nhận","accepted","C.HBI0029.001","=""242601000183""",""
"=""RC-JPKRODD12PF02X""","RC-JPKRODD12PF02X","KTV đã nhận","accepted","C.HBI0098.001","=""244500005791""",""
"=""RC-5NJO66OOWKH66""","RC-5NJO66OOWKH66","KTV đã nhận","accepted","C.PTH10244.005","=""253001002132""",""
"=""RC-5NJY2WDXJ1S1N5""","RC-5NJY2WDXJ1S1N5","KTV đã nhận","accepted","C.LSO0030.003","=""243302000041""",""
"=""RC-5NJYO6PKGLA1ED""","RC-5NJYO6PKGLA1ED","KTV đã nhận","accepted","C.LSO0065.005","=""253501001059""",""
"=""RC-PXOREY1PO6SNP""","RC-PXOREY1PO6SNP","KTV đã nhận","accepted","C.LSO0032.002","=""243502000028""",""
"=""RC-K6QMO9926OA02""","RC-K6QMO9926OA02","KTV đã nhận","accepted","C.LCA0147.007","=""252731001567""",""
"=""RC-EN9WW2X9D4S2""","RC-EN9WW2X9D4S2","KTV đã nhận","accepted","C.LCA0042.001","=""244002000074""",""
"=""RC-EN9D2LOQPOHO7""","RC-EN9D2LOQPOHO7","Hoàn công","completed","C.LCA0083.001","=""244500008550""",""
"=""RC-5NJ25YDXRPI6R""","RC-5NJ25YDXRPI6R","KTV đã nhận","accepted","C.PTH10395.001","=""243200005641""",""
"=""RC-XR22W44Q9RHY3L""","RC-XR22W44Q9RHY3L","KTV đã nhận","accepted","C.PTH0296.001","=""253701000894""",""
"=""RC-0X6GXG3QLJCP1""","RC-0X6GXG3QLJCP1","KTV đã nhận","accepted","C.PTH0231.003","=""252731000820""",""
"=""RC-YROGE05RD2HDK""","RC-YROGE05RD2HDK","KTV đã nhận","accepted","C.PTH0120.001","=""244500008310""",""
"=""RC-L3LN4L1E26H0J""","RC-L3LN4L1E26H0J","KTV đã nhận","accepted","C.PTH0096.001","=""245301000120""",""
"=""RC-940LO6N72KH0O""","RC-940LO6N72KH0O","KTV đã nhận","accepted","C.PTH0404.001","=""251900000979""",""
"=""RC-YRONO5K564IDYW""","RC-YRONO5K564IDYW","KTV đã nhận","accepted","C.PTH5049.001","=""244500000858""",""
"=""RC-JPKRE1E9EJC0DD""","RC-JPKRE1E9EJC0DD","KTV đã nhận","accepted","C.PTH0166.001","=""244500008345""",""
"=""RC-L3L4PW7R1LU75""","RC-L3L4PW7R1LU75","KTV đã nhận","accepted","C.PTH0161.001","=""Unknown20090001""",""
"=""RC-QWJQ7E21E3H1X3""","RC-QWJQ7E21E3H1X3","KTV đã nhận","accepted","C.PTH0133.001","=""244500007529""",""
"=""RC-WO3LJ9NYJDBD5K""","RC-WO3LJ9NYJDBD5K","KTV đã nhận","accepted","C.QNI5005.001","=""Unknown20090001""",""
"=""RC-5N2JGQ6QP9H1EN""","RC-5N2JGQ6QP9H1EN","KTV đã nhận","accepted","C.QNI5075.001","=""244500002415""",""
"=""RC-XR12DM4EEPA1R""","RC-XR12DM4EEPA1R","KTV đã nhận","accepted","C.QNI0243.001","=""251400001017""",""
"=""RC-7ODJWO32ERSN0""","RC-7ODJWO32ERSN0","KTV đã nhận","accepted","C.QNI5081.001","=""244500002665""",""
"=""RC-K6KQOGO77QAE5""","RC-K6KQOGO77QAE5","KTV đã nhận","accepted","C.QNI5733.001","=""251400002792""",""
"=""RC-K6KQXQ39GJBOGR""","RC-K6KQXQ39GJBOGR","KTV đã nhận","accepted","C.QNI5700.001","=""251400004243""",""
"=""RC-YROL05XP26A9K""","RC-YROL05XP26A9K","KTV đã nhận","accepted","C.QNI0039.002","=""253001000096""",""
"=""RC-JPK5NYR3EQS0J9""","RC-JPK5NYR3EQS0J9","KTV đã nhận","accepted","C.QNI0039.013","=""253001000119""",""
"=""RC-WOL796Q0G7HD24""","RC-WOL796Q0G7HD24","KTV đã nhận","accepted","C.QNI0039.014","=""253001000140""",""
"=""RC-PXO05YR1Y3UQ1""","RC-PXO05YR1Y3UQ1","KTV đã nhận","accepted","C.QNI0039.006","=""253001000128""",""
"=""RC-3LNMJKWOYRT4KR""","RC-3LNMJKWOYRT4KR","KTV đã nhận","accepted","C.QNI0039.004","=""253001000099""",""
"=""RC-K6QG0MR5J1CO9L""","RC-K6QG0MR5J1CO9L","KTV đã nhận","accepted","C.QNI0039.009","=""253001000106""",""
"=""RC-3LNMJKWO9QS45K""","RC-3LNMJKWO9QS45K","KTV đã nhận","accepted","C.QNI0039.003","=""253001000091""",""
"=""RC-WOL796Q0GLFGX""","RC-WOL796Q0GLFGX","KTV đã nhận","accepted","C.QNI0039.011","=""253001000100""",""
"=""RC-2150O2GE25C1QP""","RC-2150O2GE25C1QP","KTV đã nhận","accepted","C.QNI0039.012","=""253001000126""",""
"=""RC-3LNMJKWOYGF4Q1""","RC-3LNMJKWOYGF4Q1","KTV đã nhận","accepted","C.QNI0039.008","=""253001000094""",""
"=""RC-GO5NG77550IPK0""","RC-GO5NG77550IPK0","KTV đã nhận","accepted","C.QNI0107.006","=""252731000619""",""
"=""RC-2152GMYE56CP0""","RC-2152GMYE56CP0","KTV đã nhận","accepted","C.QNI10658.001","=""253000002690""",""
"=""RC-K6QG0MR5MWHO2E""","RC-K6QG0MR5MWHO2E","KTV đã nhận","accepted","C.SLA0038.010","=""243902000344""",""
"=""RC-0X6L6NXDD7TJP""","RC-0X6L6NXDD7TJP","KTV đã nhận","accepted","C.SLA0038.011","=""243902000345""",""
"=""RC-K6QMMDX9RMFD""","RC-K6QMMDX9RMFD","KTV đã nhận","accepted","C.SLA0079.001","=""244500006413""",""
"=""RC-6EJM06JDGMBWX""","RC-6EJM06JDGMBWX","KTV đã nhận","accepted","C.TQU0042.003","=""242602000038""",""
"=""RC-YROQ5GQ422CDY6""","RC-YROQ5GQ422CDY6","KTV đã nhận","accepted","C.TNG0066.010","=""243902000288""",""
"=""RC-L3LP7QWQ5RA1LJ""","RC-L3LP7QWQ5RA1LJ","KTV đã nhận","accepted","C.TNG0058.003","=""242601000211""",""
"=""RC-O7OEKR4RJ3CY5""","RC-O7OEKR4RJ3CY5","KTV đã nhận","accepted","C.TNG0226.001","=""251400005825""",""
"=""RC-QWJPXYE1QJU6L""","RC-QWJPXYE1QJU6L","KTV đã nhận","accepted","C.TNG0407.014","=""252731002908""",""
"=""RC-R1D31ON79LCD""","RC-R1D31ON79LCD","KTV đã nhận","accepted","C.TNG0066.014","=""251331000023""",""
"=""RC-3LNWX6YKDDHL7""","RC-3LNWX6YKDDHL7","KTV đã nhận","accepted","C.TNG0075.004","=""244702000119""",""
"=""RC-3LNJD9160PS4P5""","RC-3LNJD9160PS4P5","KTV đã nhận","accepted","C.TNG11547.001","=""254801000310""",""
"=""RC-XR1O6KL6XJHK7""","RC-XR1O6KL6XJHK7","KTV đã nhận","accepted","C.VPH0135.001","=""244500004453""",""
"=""RC-2153252MGMFXO""","RC-2153252MGMFXO","KTV đã nhận","accepted","C.VPH0195.001","=""244500007863""",""
"=""RC-JPKY2MGOXDFMR""","RC-JPKY2MGOXDFMR","KTV đã nhận","accepted","C.PTH0239.001","=""252501000792""",""
"=""RC-2152G56W7OI0L""","RC-2152G56W7OI0L","KTV đã nhận","accepted","C.PTH5003.001","=""251400002925""",""
"=""RC-XR2740RM3QF5P""","RC-XR2740RM3QF5P","KTV đã nhận","accepted","C.PTH0227.001","=""243200003504""",""
"=""RC-O7O0P35G4MFXR""","RC-O7O0P35G4MFXR","KTV đã nhận","accepted","C.LCA0189.001","=""251800001146""",""
"=""RC-7OJ5GYM3N7CPMM""","RC-7OJ5GYM3N7CPMM","KTV đã nhận","accepted","C.BDU3264.001","=""251400002828""",""
"=""RC-1W59YEPYW9SR3""","RC-1W59YEPYW9SR3","KTV đã nhận","accepted","C.HPH0100.013","=""243200000741""",""
"=""RC-21523GWRGDH1E9""","RC-21523GWRGDH1E9","KTV đã nhận","accepted","C.HPH0388.002","=""252631002235""",""
"=""RC-6EJOJ0OER0UPY""","RC-6EJOJ0OER0UPY","KTV đã nhận","accepted","C.HPH0317.001","=""252601000482""",""